Name,Height,Width
01_14209818,720,576
02_A12565032,352,240
03_A14648507,720,576
04_A14658725,720,576
05_A16756254,352,240
06_A16762105,352,240
06_A16762105,720,576
07_A16781837,352,240
07_A16781837,720,576
08_A17802817,352,240
08_A17802817,720,576
09_A17813565,352,240
09_A17813565,720,576
10_A19328787,352,240
10_A19328787,720,576
11_A19902992,720,576
12_A19934302,352,240
12_A19934302,720,576
13_A19937956,352,240
13_A19937956,720,576
14_A20962930,352,240
14_A20962930,720,576
15_A97001983,352,240
15_A97001983,720,576
16_B5495844,720,576
17_C3611459,720,576
18_D1702689,1920,1080
20_E1196492,720,576
21_E1773023_20131128,720,576
22_E8188630_20101014,720,576
23_GSMI_20120627,720,576
24_M1268525_20131217,720,576
25_UH6306544_20160510,1920,1080
26_UH9660810_20121010,720,576
27_UH9685651_20150916,1920,1080
28_A125_1_3_2016,720,576
29_A136_3_6_2016,720,576
30_A157_29_3_2016,720,576
31_A167_5_1_2016,720,576
32_A178_12_9_2017,720,576
33_A178_17_10_2017,720,576
34_A188_25_07_2018,352,240
34_A188_25_07_2018,720,576
35_A198_04_01_2019,720,576
36_A198_20_02_2019,720,576
37_A199_18_5_2019,720,576
38_A199_21_6_2019,720,576
40_A167_4_7_2016,720,576
41_A970_17_6_2016,720,576
42_G316314,720,576
44_B384_30_10_2008,720,576
45_C149_23_10_2008,720,576
46_C380_03_07_2008,720,576
47_C380_18_09_2008,720,576
48_D120_17_07_2008,720,576
49_E020_12_02_2009,720,576
50_E119_23_12_2008,720,576
